{"cameraMode":{"drawMode":0,"name":"Shaded","section":"Shading Mode"},"sceneLighting":true,"audioPlay":false,"sceneViewState":{"m_AlwaysRefresh":false,"showFog":true,"showSkybox":true,"showFlares":true,"showImageEffects":true,"showParticleSystems":true,"showVisualEffectGraphs":true,"m_FxEnabled":false},"in2DMode":false,"pivot":{"x":6.599999904632568,"y":-3.820295810699463,"z":3.739999771118164},"rotation":{"x":-0.6203631162643433,"y":0.046058088541030887,"z":0.036395251750946048,"w":0.7822229266166687},"size":0.8660253882408142,"orthographic":false}