{"cameraMode":{"drawMode":0,"name":"Shaded","section":"Shading Mode"},"sceneLighting":true,"audioPlay":false,"sceneViewState":{"m_AlwaysRefresh":false,"showFog":true,"showSkybox":true,"showFlares":true,"showImageEffects":true,"showParticleSystems":true,"showVisualEffectGraphs":true,"m_FxEnabled":true},"in2DMode":false,"pivot":{"x":3.659426689147949,"y":1.3241055011749268,"z":-3.5749263763427736},"rotation":{"x":0.05946894735097885,"y":0.8732142448425293,"z":0.11036363989114762,"w":-0.47105807065963747},"size":1.0272897481918336,"orthographic":false}